stn_num,time_obs,rain_ttl,rain_code
249000,1963,21.0,0
249000,1964,92.0,0
249000,1965,48.2,0
249000,1967,61.3,0
249000,1968,78.7,0
249000,1969,69.0,0
249000,1971,80.5,0
249000,1972,107.0,0
249000,1973,44.0,0
249000,1974,108.0,0
249000,1975,59.0,0
249000,1976,68.0,0
249000,1977,31.0,0
249000,1978,31.0,0
249000,1979,40.0,0
249000,1980,100.0,0
249000,1981,127.0,0
249000,1982,40.0,0
249000,1983,59.0,0
249000,1984,24.0,0
249000,1985,73.0,0
249000,1986,64.0,0
249000,1987,59.5,0
249000,1988,55.0,0
249000,1989,65.0,0
249000,1990,97.0,0
249000,1991,61.0,0
249000,1993,35.0,0
249000,1994,88.0,0
249000,1995,94.0,0
249000,1996,44.0,0
249000,1997,51.0,0
249000,1998,54.0,0
249000,1999,21.0,0
249000,2000,9.0,0
249000,2001,61.0,0
249000,2002,30.0,0
249000,2003,49.0,0
249000,2004,88.0,0
249000,2006,21.0,0
249000,2007,61.0,0
249000,2008,35.0,0
249000,2009,27.0,0
249000,2010,69.5,0
249000,2011,40.0,0
249000,2012,40.0,0
249000,2013,45.0,0
249000,2014,91.0,0
249000,2016,147.0,0
249000,2017,18.5,0
249000,2018,67.5,0
249000,2019,55.0,0
249000,2020,43.0,0
249000,2021,35.0,0
249000,2022,25.0,0
251555,2014,129.0,0
251555,2016,145.0,0
251555,2017,83.0,0
251555,2018,98.0,0
251555,2019,97.5,0
251555,2020,45.5,0
251555,2022,45.0,0
251560,1963,55.0,0
251560,1967,168.7,0
251560,1971,219.5,0
251560,1973,175.0,0
251560,1975,229.0,0
251575,1965,213.0,0
251575,1966,90.0,0
251575,1969,120.0,0
251575,1979,50.0,0
251575,1981,157.0,0
251575,1983,103.0,0
251575,1984,46.0,0
251575,1985,93.0,0
251575,1986,67.0,0
251575,1987,88.0,0
251575,1988,144.0,0
251575,1989,76.0,0
251575,1994,128.0,0
251575,1995,103.0,0
251575,1996,52.0,0
251575,1998,80.0,0
251575,1999,33.0,0
251575,2003,115.0,0
251575,2006,76.0,0
251590,1965,315.0,0
251590,1966,145.0,0
251620,1963,54.0,0
251620,1967,161.4,0
251620,1968,220.8,0
251620,1969,197.5,0
252320,1965,175.0,0
252320,1966,47.0,0
252320,1967,124.6,0
252320,1969,75.0,0
252320,1973,173.0,0
252320,1974,173.0,0
252320,1975,81.0,0
252320,1977,31.0,0
252320,1978,40.0,0
252320,1979,35.0,0
252320,1980,125.0,0
252320,1981,113.0,0
252320,1982,44.0,0
252320,1983,37.0,0
252320,1984,27.0,0
252320,1985,61.0,0
252320,1986,44.0,0
252320,1987,52.0,0
252320,1988,37.0,0
252320,1989,53.0,0
252320,1990,109.0,0
252320,1991,75.0,0
252320,1992,73.0,0
252320,1993,47.0,0
252320,1994,103.0,0
252320,1996,43.0,0
252320,1997,59.0,0
252320,1998,73.0,0
252320,1999,14.0,0
252320,2000,35.0,0
252320,2001,74.0,0
252320,2002,61.0,0
252320,2003,60.0,0
252320,2004,132.0,0
252320,2005,126.0,0
252320,2006,51.0,0
252320,2007,110.0,0
252320,2008,53.0,0
252320,2009,25.0,0
252320,2010,80.5,0
252320,2011,44.0,0
252320,2012,59.0,0
252320,2013,73.0,0
252340,1961,132.0,0
252340,1962,107.0,0
252340,1963,28.0,0
252340,1964,198.0,0
252340,1966,93.0,0
252340,1967,129.0,0
252340,1968,118.0,0
252360,1956,161.0,0
252360,1957,260.0,0
252360,1959,152.0,0
252360,1960,77.0,0
252360,1961,129.0,0
252360,1962,120.0,0
252360,1963,31.0,0
252360,1964,225.0,0
252360,1965,299.0,0
252360,1966,82.0,0
252360,1967,162.0,0
252360,1968,164.4,0
252360,1969,120.0,0
252360,1970,68.0,0
252360,1971,193.5,0
252360,1973,163.0,0
252420,1965,139.0,0
252420,1966,35.0,0
252420,1969,52.0,0
252440,1953,95.0,0
252440,1954,196.0,0
252440,1955,128.0,0
252440,1956,135.0,0
252440,1958,47.0,0
252440,1959,119.0,0
252440,1960,58.0,0
252440,1961,137.0,0
252440,1962,92.0,0
252440,1963,29.0,0
252440,1964,191.0,0
252440,1965,212.0,0
252440,1966,113.0,0
252440,1967,182.0,0
252440,1968,178.0,0
252440,1969,103.0,0
252440,1970,85.0,0
252440,1971,181.0,0
252440,1972,244.0,0
252440,1973,65.0,0
252440,1974,197.0,0
252440,1975,109.0,0
252440,1976,90.0,0
252440,1977,112.0,0
252440,1979,97.0,0
252440,1980,167.0,0
252440,1981,127.0,0
252440,1983,170.0,0
252440,1984,121.0,0
252440,1985,89.0,0
252440,1986,174.0,0
252440,1987,127.5,0
252440,1988,134.0,0
252440,1989,127.0,0
252440,1990,106.0,0
252440,1991,146.0,0
252440,1992,178.0,0
252440,1993,117.0,0
252440,1994,113.0,0
252440,1995,223.0,0
252440,1996,49.0,0
252440,1997,109.0,0
252440,1999,47.0,0
252440,2000,48.0,0
252440,2001,111.0,0
252440,2002,118.0,0
252440,2003,107.0,0
252440,2004,83.0,0
252440,2005,115.0,0
252440,2006,76.0,0
252440,2007,157.0,0
252440,2008,62.0,0
252440,2009,40.0,0
252440,2010,180.0,0
252510,1955,96.0,0
252510,1956,82.0,0
252510,1959,63.0,0
252510,1960,29.0,0
252510,1961,97.0,0
252510,1962,48.0,0
252510,1963,32.0,0
252510,1964,96.0,0
252510,1965,128.0,0
252510,1966,54.5,0
252510,1967,66.2,0
252510,1968,88.2,0
252510,1969,63.0,0
252510,1970,44.0,0
252510,1971,105.0,0
252510,1972,99.0,0
252510,1973,42.0,0
252510,1974,135.0,0
252510,1976,71.0,0
252510,1977,42.0,0
252510,1978,20.5,0
252510,1979,47.0,0
252510,1980,120.0,0
252510,1981,137.0,0
252510,1982,26.0,0
252510,1983,85.0,0
252510,1984,29.0,0
252510,1985,54.0,0
252510,1986,77.0,0
252510,1989,71.0,0
252510,1990,86.0,0
252510,1991,61.0,0
252510,1992,64.0,0
252510,1993,30.0,0
252510,1994,71.0,0
252510,1995,117.0,0
252510,1996,22.0,0
252510,1997,55.0,0
252510,2012,35.0,0
252510,2013,44.0,0
252510,2014,100.0,0
252510,2015,107.0,0
252510,2016,78.0,0
252510,2017,34.5,0
252510,2018,60.5,0
252510,2019,67.0,0
252510,2020,81.0,0
252510,2021,42.0,0
252510,2022,30.0,0
252511,1998,75.0,0
252511,1999,24.0,0
252511,2000,16.0,0
252511,2001,37.0,0
252511,2002,32.0,0
252511,2003,53.0,0
252511,2004,93.0,0
252511,2005,133.0,0
252511,2006,15.0,0
252511,2007,78.0,0
252511,2008,50.0,0
252511,2009,26.0,0
252511,2010,95.0,0
252511,2011,25.0,0
252520,1950,169.0,0
252520,1959,97.0,0
252520,1960,56.0,0
252520,1961,112.0,0
252520,1962,78.0,0
252520,1963,37.0,0
252520,1964,158.0,0
252520,1965,149.0,0
252520,1966,83.5,0
252520,1967,131.2,0
252520,1968,130.2,0
252520,1969,101.5,0
252520,1971,97.5,0
252520,1972,66.0,0
252520,1973,66.0,0
252520,1974,183.0,0
252520,1975,72.0,0
252520,1976,60.0,0
252520,1977,72.0,0
252520,1978,54.0,0
252520,1979,89.0,0
252520,1980,161.0,0
252520,1981,130.0,0
252520,1982,51.0,0
252520,1983,123.0,0
252520,1984,47.0,0
252520,1985,54.0,0
252520,1986,112.0,0
252520,1987,71.0,0
252520,1988,79.0,0
252520,1989,90.0,0
252520,1990,119.0,0
252520,1991,107.0,0
252520,1992,151.0,0
252520,1993,54.0,0
252520,1994,74.0,0
252520,1995,161.0,0
252520,1996,32.0,0
252520,1997,82.0,0
252520,1998,103.0,0
252520,1999,38.0,0
252520,2000,41.0,0
252520,2001,80.0,0
252520,2002,57.0,0
252520,2003,65.0,0
252520,2004,107.0,0
252520,2005,117.0,0
252520,2006,23.0,0
252520,2007,119.0,0
252520,2008,72.0,0
252520,2009,46.0,0
252520,2010,127.0,0
252520,2011,38.0,0
252520,2012,54.0,0
252520,2013,88.0,0
252520,2014,109.0,0
252520,2015,142.0,0
252520,2016,102.0,0
252520,2017,43.5,0
252520,2018,111.5,0
252520,2019,77.5,0
252520,2020,112.5,0
252520,2021,27.5,0
252520,2022,36.0,0
252540,1955,134.0,0
252540,1959,117.0,0
252540,1960,78.0,0
252540,1961,88.0,0
252540,1962,62.0,0
252540,1963,43.0,0
252540,1964,229.0,0
252540,1967,151.5,0
252540,1968,147.0,0
252540,1971,181.0,0
252540,1972,220.0,0
252540,1973,77.0,0
252540,1974,206.0,0
252540,1975,109.0,0
252540,1976,92.0,0
252540,1977,94.0,0
252540,1979,19.0,0
252540,1980,177.0,0
252540,1981,156.0,0
252540,1982,63.0,0
252540,1983,168.0,0
252540,1984,70.0,0
252540,1985,72.0,0
252540,1986,128.0,0
252540,1987,170.5,0
252540,1988,129.0,0
252540,1989,126.0,0
252540,1990,138.0,0
252540,1991,143.0,0
252540,1992,167.0,0
252540,1993,122.0,0
252540,1994,137.0,0
252540,1995,214.0,0
252540,1996,42.0,0
252540,1997,107.0,0
252540,1998,135.0,0
252540,1999,53.0,0
252540,2000,45.0,0
252540,2001,171.0,0
252540,2002,98.0,0
252540,2003,96.0,0
252540,2004,94.0,0
252540,2005,117.0,0
252540,2006,70.0,0
252540,2007,177.0,0
252540,2008,75.0,0
252540,2009,58.0,0
252540,2010,136.0,0
252540,2011,70.0,0
252540,2012,57.0,0
252540,2013,111.0,0
252540,2014,109.0,0
252540,2015,165.0,0
252540,2016,148.0,0
252540,2017,48.0,0
252540,2018,195.0,0
252540,2019,110.0,0
252540,2020,207.0,0
252540,2021,51.5,0
252540,2022,70.0,0
252545,1953,110.0,0
252545,1954,144.1,0
252545,1955,116.0,0
252545,1956,144.0,0
252545,1957,228.0,0
252545,1958,73.0,0
252545,1959,141.0,0
252545,1960,52.0,0
252545,1961,123.0,0
252545,1962,72.0,0
252545,1963,30.0,0
252545,1964,195.0,0
252545,1965,208.0,0
252545,1966,92.0,0
252545,1967,140.0,0
252545,1968,125.0,0
252545,1969,86.0,0
252545,1970,76.0,0
252545,1971,156.0,0
252545,1972,243.0,0
252545,1973,65.0,0
252545,1974,201.0,0
252545,1975,109.0,0
252545,1976,87.0,0
252545,1977,84.0,0
252545,1978,78.0,0
252545,1979,100.0,0
252545,1980,182.0,0
252545,1981,147.0,0
252545,1982,57.0,0
252545,1983,174.0,0
252545,1984,84.0,0
252545,1985,85.0,0
252545,1986,182.0,0
252545,1987,117.5,0
252545,1988,149.0,0
252545,1989,134.0,0
252545,1990,121.0,0
252545,1991,156.0,0
252545,1992,209.0,0
252545,1993,107.0,0
252545,1994,117.0,0
252545,1995,264.0,0
252545,1996,51.0,0
252545,1997,101.0,0
252545,1998,125.0,0
252545,1999,52.0,0
252545,2000,50.0,0
252545,2001,129.0,0
252545,2002,127.0,0
252545,2003,115.0,0
252545,2004,99.0,0
252545,2005,107.0,0
252545,2006,80.0,0
252545,2007,158.0,0
252545,2008,75.0,0
252545,2009,38.0,0
252545,2010,188.0,0
252545,2011,,0
252545,2012,56.0,0
252545,2013,118.0,0
252545,2014,123.0,0
252545,2015,176.0,0
252545,2016,136.0,0
252545,2017,80.0,0
252545,2018,113.0,0
252545,2019,99.5,0
252545,2020,170.5,0
252545,2021,67.0,0
252545,2022,83.0,0
252720,1953,90.0,0
252720,1954,112.9,0
252720,1955,100.0,0
252720,1956,114.0,0
252720,1957,180.0,0
252720,1958,53.0,0
252720,1959,97.0,0
252720,1960,42.0,0
252720,1961,80.0,0
252720,1962,78.0,0
252720,1963,30.0,0
252720,1964,161.0,0
252720,1965,143.0,0
252720,1967,100.7,0
252720,1968,110.0,0
252720,1969,76.0,0
252720,1971,116.5,0
252720,1973,33.0,0
252720,1975,91.0,0
252720,1976,91.5,0
252720,1978,60.0,0
252720,1979,53.0,0
252720,1980,181.0,0
252720,1981,142.0,0
252720,1982,71.0,0
252720,1983,155.0,0
252720,1984,66.0,0
252720,1985,69.0,0
252720,1986,140.0,0
252720,1987,86.5,0
252720,1988,119.0,0
252720,1989,123.0,0
252720,1990,109.0,0
252720,1991,122.0,0
252720,1992,172.0,0
252720,1993,82.0,0
252720,1994,74.0,0
252720,1995,255.0,0
252720,1996,41.0,0
252720,1997,112.0,0
252720,1998,125.0,0
252720,1999,38.0,0
252720,2000,39.0,0
252720,2002,97.0,0
252720,2003,89.0,0
252720,2004,92.0,0
252720,2005,100.0,0
252720,2006,68.0,0
252720,2007,142.0,0
252720,2008,65.0,0
252720,2009,59.0,0
252720,2010,143.0,0
252720,2011,39.0,0
252720,2012,,0
252720,2013,90.0,0
252720,2014,110.0,0
252720,2015,149.0,0
252720,2016,71.0,0
252720,2017,39.5,0
252720,2018,90.0,0
252720,2019,69.0,0
252720,2020,135.5,0
252720,2021,28.5,0
252720,2022,55.0,0
252735,1956,73.0,0
252735,1957,88.0,0
252735,1958,17.0,0
252735,1959,46.0,0
252735,1960,25.0,0
252735,1961,55.0,0
252735,1962,44.0,0
252735,1963,22.0,0
252735,1964,81.0,0
252735,1965,97.0,0
252735,1966,26.6,0
252735,1967,42.0,0
252735,1968,63.5,0
252735,1969,75.0,0
252735,1970,43.0,0
252735,1971,87.5,0
252735,1972,99.0,0
252735,1973,24.0,0
252735,1974,88.0,0
252735,1975,66.0,0
252735,1976,63.0,0
252735,1977,27.0,0
252735,1978,15.0,0
252735,1979,30.0,0
252735,1980,57.0,0
252735,1981,111.0,0
252735,1982,25.0,0
252735,1983,53.0,0
252735,1984,16.0,0
252735,1985,56.0,0
252735,1986,85.0,0
252735,1987,50.0,0
252735,1988,81.0,0
252735,1989,53.0,0
252735,1990,72.0,0
252735,1991,49.0,0
252735,1992,40.0,0
252735,1993,24.0,0
252735,1994,63.0,0
252735,1995,75.0,0
252735,1996,25.0,0
252735,1997,45.0,0
252735,1998,54.0,0
252735,1999,23.0,0
252735,2000,10.0,0
252735,2001,33.0,0
252735,2002,20.0,0
252735,2003,28.0,0
252735,2004,51.0,0
252735,2005,133.0,0
252735,2006,23.0,0
252735,2007,55.0,0
252735,2008,31.0,0
252735,2009,19.0,0
252735,2010,65.0,0
252735,2011,20.0,0
252735,2012,22.0,0
252735,2013,29.0,0
252735,2014,97.0,0
252735,2015,80.0,0
252735,2016,80.0,0
252735,2017,16.0,0
252735,2018,47.5,0
252735,2019,69.0,0
252735,2020,51.5,0
252735,2021,26.0,0
252735,2022,30.0,0
252755,1961,67.0,0
252755,1962,51.0,0
252755,1963,29.0,0
252755,1964,95.0,0
252755,1965,100.0,0
252755,1966,59.5,0
252755,1967,78.0,0
252760,1962,80.0,0
252760,1963,45.0,0
252760,1964,207.0,0
252760,1965,148.0,0
252760,1966,81.0,0
252760,1967,115.7,0
252760,1968,95.5,0
252760,1969,84.0,0
252760,1971,150.0,0
252760,1972,44.0,0
252760,1973,44.0,0
252760,1974,158.0,0
252760,1975,96.0,0
252760,1976,82.5,0
252760,1977,99.0,0
252760,1978,52.0,0
252760,1979,107.0,0
252760,1980,197.0,0
252760,1981,160.0,0
252760,1982,85.0,0
252760,1983,158.0,0
252760,1988,138.0,0
252760,1989,107.0,0
252760,1990,134.0,0
252760,1991,150.0,0
252760,1992,197.0,0
252760,1993,81.0,0
252760,1994,80.0,0
252760,1995,175.0,0
252760,1996,42.0,0
252760,1997,104.0,0
252760,1998,124.0,0
252760,1999,43.0,0
252760,2000,39.0,0
252760,2001,124.0,0
252760,2002,100.0,0
252760,2003,90.0,0
252760,2004,101.0,0
252760,2005,133.0,0
252760,2006,73.0,0
252760,2007,125.0,0
252760,2008,67.0,0
252760,2009,43.0,0
252760,2010,148.0,0
252760,2012,58.0,0
252760,2013,96.0,0
252760,2014,100.0,0
252760,2015,167.0,0
252760,2016,104.0,0
252760,2017,49.0,0
252760,2018,70.5,0
252760,2019,72.0,0
252760,2020,164.5,0
252760,2021,32.0,0
252760,2022,55.0,0
252765,1953,75.0,0
252765,1954,89.4,0
252765,1956,88.0,0
252765,1957,162.0,0
252765,1959,69.0,0
252765,1960,26.0,0
252765,1961,68.0,0
252765,1962,78.0,0
252765,1963,32.0,0
252765,1964,127.0,0
252765,1965,104.0,0
252765,1966,62.0,0
252765,1967,93.7,0
252765,1968,61.5,0
252765,1971,102.5,0
252765,1972,23.0,0
252765,1973,23.0,0
252765,1974,157.0,0
252765,1975,67.0,0
252765,1976,62.0,0
252765,1977,54.0,0
252765,1978,38.0,0
252765,1979,72.0,0
252765,1980,136.0,0
252765,1981,121.0,0
252765,1982,32.0,0
252765,1983,88.0,0
252765,1984,24.0,0
252765,1985,48.0,0
252765,1986,112.0,0
252765,1987,48.5,0
252765,1988,81.0,0
252765,1989,68.0,0
252765,1990,142.0,0
252765,1991,89.0,0
252765,1992,105.0,0
252765,1993,32.0,0
252765,1994,58.0,0
252765,1995,160.0,0
252765,1996,31.0,0
252765,1997,66.0,0
252765,1998,95.0,0
252765,1999,21.0,0
252765,2000,24.0,0
252765,2001,64.0,0
252765,2002,48.0,0
252765,2003,65.0,0
252765,2004,51.0,0
252765,2005,101.0,0
252765,2006,33.0,0
252765,2007,112.0,0
252765,2008,58.0,0
252765,2009,45.0,0
252765,2010,96.0,0
252765,2011,40.0,0
252765,2012,26.0,0
252765,2013,44.0,0
252765,2014,91.0,0
252765,2015,103.0,0
252765,2016,101.5,0
252765,2017,36.0,0
252765,2018,87.0,0
252765,2019,55.5,0
252765,2020,128.4,0
252765,2021,25.0,0
252765,2022,35.0,0
252770,1961,58.0,0
252770,1962,36.1,0
252770,1963,41.0,0
252770,1967,55.1,0
252770,1969,71.0,0
252775,1959,112.0,0
252775,1961,111.0,0
252775,1962,47.0,0
252775,1963,23.0,0
252775,1964,160.0,0
252775,1965,155.0,0
252775,1967,105.0,0
252775,1968,87.0,0
252775,1969,95.0,0
252775,1970,55.0,0
252775,1972,143.0,0
252775,1973,38.0,0
252775,1974,131.0,0
252775,1975,96.0,0
252775,1976,70.0,0
252775,1977,83.0,0
252775,1978,54.0,0
252775,1979,68.0,0
252775,1980,161.0,0
252775,1981,121.0,0
252775,1982,79.0,0
252775,1983,117.0,0
252780,1962,56.0,0
252780,1963,39.0,0
252780,1964,118.0,0
252780,1965,102.0,0
252780,1966,70.6,0
252780,1967,95.8,0
252780,1968,77.5,0
252780,1969,108.5,0
252780,1971,119.5,0
252780,1972,35.0,0
252780,1973,35.0,0
252780,1974,158.0,0
252780,1975,75.0,0
252780,1976,62.0,0
252780,1977,65.0,0
252780,1978,53.0,0
252780,1979,85.0,0
252780,1980,174.0,0
252780,1981,159.0,0
252780,1982,60.0,0
252780,1983,130.0,0
252780,1984,47.0,0
252780,1986,134.0,0
252780,1987,71.5,0
252780,1988,102.0,0
252780,1989,84.0,0
252780,1990,83.0,0
252780,1991,132.0,0
252780,1992,135.0,0
252780,1993,57.0,0
252780,1994,60.0,0
252780,1995,158.0,0
252780,1996,40.0,0
252780,1997,89.0,0
252780,1998,101.0,0
252780,2000,25.0,0
252780,2001,73.0,0
252780,2002,51.0,0
252780,2003,62.0,0
252780,2004,53.0,0
252780,2006,43.0,0
252780,2007,97.0,0
252780,2008,52.0,0
252780,2009,27.0,0
252780,2010,126.0,0
252780,2011,34.0,0
252780,2012,28.0,0
252780,2013,62.0,0
252780,2014,84.0,0
252780,2015,103.0,0
252780,2016,72.0,0
252780,2017,29.0,0
252780,2018,123.5,0
252780,2019,51.5,0
252780,2020,87.0,0
252780,2021,20.0,0
252780,2022,30.0,0
252785,1959,91.0,0
252785,1960,63.0,0
252785,1961,91.0,0
252785,1962,50.0,0
252785,1963,26.0,0
252785,1964,128.0,0
252785,1965,178.0,0
252785,1966,62.0,0
252785,1967,113.0,0
252785,1968,77.0,0
252785,1969,91.0,0
252785,1970,57.0,0
252785,1971,141.0,0
252785,1972,151.0,0
252785,1973,48.0,0
252785,1974,122.0,0
252785,1975,95.0,0
252785,1976,80.0,0
252785,1977,64.0,0
252785,1978,45.0,0
252785,1979,81.0,0
252785,1980,141.0,0
252785,1981,102.0,0
252785,1982,85.0,0
252785,1983,117.0,0
252785,1984,58.0,0
252785,1985,66.0,0
252785,1986,78.0,0
252785,1987,83.0,0
252785,1988,118.0,0
252785,1989,116.0,0
252785,1990,94.0,0
252785,1991,165.0,0
252785,1992,153.0,0
252785,1993,124.0,0
252785,1994,49.0,0
252785,1995,152.0,0
252785,1996,25.0,0
252785,1997,102.0,0
252785,1998,83.0,0
252785,1999,32.0,0
252785,2000,46.0,0
252785,2001,85.0,0
252785,2002,75.0,0
252785,2003,99.0,0
252785,2004,71.0,0
252785,2005,81.0,0
252785,2006,48.0,0
252785,2007,111.0,0
252785,2008,46.0,0
252785,2009,61.0,0
252785,2010,145.0,0
252785,2011,36.0,0
252785,2012,26.0,0
252785,2013,102.0,0
252785,2014,75.0,0
252785,2015,115.0,0
252785,2016,83.0,0
252785,2017,41.5,0
252785,2018,82.0,0
252785,2019,67.5,0
252785,2020,122.5,0
252785,2021,38.0,0
252785,2022,55.0,0
252790,1953,85.0,0
252790,1954,157.0,0
252790,1955,92.0,0
252790,1956,156.0,0
252790,1957,146.5,0
252790,1958,48.0,0
252790,1959,115.0,0
252790,1960,57.0,0
252790,1961,94.0,0
252790,1962,67.0,0
252790,1963,29.0,0
252790,1964,198.0,0
252790,1965,217.0,0
252790,1966,87.0,0
252790,1967,117.0,0
252790,1968,123.0,0
252790,1969,85.0,0
252790,1970,70.0,0
252790,1972,224.0,0
252790,1973,58.0,0
252790,1974,191.0,0
252790,1975,126.0,0
252790,1976,89.0,0
252790,1977,71.0,0
252790,1978,61.0,0
252790,1979,113.0,0
252790,1980,192.0,0
252790,1981,160.0,0
252790,1982,83.0,0
252790,1983,199.0,0
252790,1984,62.0,0
252790,1985,73.0,0
252790,1986,165.0,0
252790,1988,186.0,0
252790,1989,125.0,0
252790,1990,95.0,0
252790,1991,186.0,0
252790,1992,177.0,0
252790,1993,76.0,0
252790,1994,91.0,0
252790,1995,185.0,0
252790,1996,43.0,0
252790,1997,125.0,0
252790,1998,119.0,0
252790,1999,30.0,0
252790,2000,37.0,0
252790,2001,94.0,0
252790,2002,94.0,0
252790,2003,100.0,0
252790,2004,86.0,0
252790,2005,104.0,0
252790,2006,65.0,0
252790,2007,158.0,0
252790,2008,66.0,0
252790,2009,38.0,0
252790,2010,167.0,0
252790,2011,38.0,0
252790,2012,45.0,0
252790,2013,107.0,0
252790,2014,84.0,0
252790,2015,125.0,0
252790,2016,83.0,0
252790,2017,55.0,0
252790,2018,84.0,0
252790,2019,72.5,0
252790,2020,153.5,0
252790,2021,20.0,0
252790,2022,72.0,0
252795,1950,131.0,0
252795,1951,46.3,0
252795,1952,73.0,0
252795,1953,59.0,0
252795,1956,58.0,0
252795,1957,119.0,0
252795,1958,36.0,0
252795,1959,58.0,0
252795,1960,26.0,0
252795,1961,51.0,0
252795,1962,35.0,0
252795,1963,29.0,0
252795,1964,73.0,0
252795,1965,88.0,0
252795,1966,68.0,0
252795,1967,64.5,0
252795,1968,67.0,0
252795,1969,79.5,0
252795,1974,68.0,0
252795,1975,68.0,0
252795,1976,59.0,0
252795,1977,34.5,0
252795,1978,21.0,0
252795,1979,44.0,0
252795,1980,84.0,0
252795,1981,111.0,0
252795,1982,34.0,0
252795,1983,85.0,0
252795,1984,14.0,0
252795,1985,40.0,0
252795,1986,88.0,0
252795,1987,45.5,0
252795,1988,62.0,0
252795,1989,59.0,0
252795,1990,82.0,0
252795,1991,73.0,0
252795,1992,69.0,0
252795,1993,25.0,0
252795,1994,63.0,0
252795,1995,150.0,0
252795,1996,27.0,0
252795,1997,71.0,0
252795,1998,65.0,0
252795,1999,24.0,0
252795,2000,13.0,0
252795,2001,46.0,0
252795,2002,71.0,0
252795,2003,36.0,0
252795,2004,50.0,0
252795,2005,70.0,0
252795,2006,35.0,0
252795,2007,110.0,0
252795,2008,47.0,0
252795,2009,26.0,0
252795,2010,81.0,0
252795,2011,54.0,0
252795,2012,50.0,0
252795,2013,43.0,0
252795,2014,92.0,0
252795,2015,80.0,0
252795,2016,60.5,0
252795,2017,35.0,0
252795,2018,11.3,0
252795,2019,52.0,0
252795,2020,78.5,0
252795,2021,13.5,0
252870,1953,92.0,0
252870,1954,94.0,0
252870,1955,66.0,0
252870,1956,160.0,0
252870,1957,139.0,0
252870,1958,77.0,0
252870,1959,119.0,0
252870,1960,56.0,0
252870,1961,71.0,0
252870,1962,55.0,0
252870,1963,35.0,0
252870,1964,166.0,0
252870,1965,227.0,0
252870,1966,95.0,0
252870,1969,86.0,0
252870,1970,59.0,0
252870,1972,183.0,0
252870,1973,56.0,0
252870,1974,176.0,0
252870,1975,106.0,0
252870,1976,44.0,0
252870,1977,83.0,0
252870,1978,51.0,0
252870,1979,84.0,0
252870,1980,175.0,0
252870,1981,129.0,0
252870,1982,59.0,0
252870,1983,135.0,0
252870,1984,59.0,0
252870,1985,71.0,0
252870,1986,134.0,0
252870,1987,65.0,0
252870,1988,110.0,0
252870,1989,151.0,0
252870,1990,87.0,0
252870,1991,160.0,0
252870,1992,173.0,0
252870,1993,63.0,0
252870,1994,58.0,0
252870,1995,165.0,0
252870,1996,35.0,0
252870,1997,119.0,0
252870,1998,77.0,0
252870,1999,43.0,0
252870,2000,36.0,0
252870,2001,77.0,0
252870,2002,88.0,0
252870,2003,75.0,0
252870,2004,100.0,0
252870,2005,87.0,0
252870,2006,58.0,0
252870,2007,154.0,0
252870,2008,54.0,0
252870,2009,39.0,0
252870,2010,171.0,0
252870,2012,38.0,0
252870,2013,101.0,0
252870,2014,91.0,0
252870,2015,116.0,0
252870,2016,104.0,0
252870,2017,59.0,0
252870,2018,67.5,0
252870,2019,71.0,0
252870,2020,161.5,0
252870,2021,27.5,0
252870,2022,71.0,0
252960,1976,61.0,0
252960,1977,44.5,0
252960,1978,48.0,0
252960,1979,49.0,0
252960,1980,121.0,0
252960,1981,107.0,0
252960,1983,116.0,0
252960,1984,22.0,0
252960,1985,73.0,0
252960,1986,67.0,0
252960,1987,66.0,0
252960,1988,95.0,0
252960,1989,116.0,0
252960,1991,143.0,0
252960,1992,120.0,0
252960,1993,47.0,0
252960,1994,28.0,0
252960,1995,150.0,0
252960,1996,25.0,0
252960,1997,66.0,0
252960,1998,55.0,0
252960,1999,29.0,0
252960,2000,32.0,0
252960,2001,58.0,0
252960,2002,68.0,0
252960,2003,95.0,0
252960,2004,85.0,0
252960,2005,63.0,0
252960,2006,44.0,0
252960,2007,102.0,0
252960,2008,52.0,0
252960,2009,29.0,0
252960,2010,117.0,0
252960,2011,25.0,0
252960,2012,29.0,0
252960,2013,58.0,0
252960,2014,86.0,0
252960,2015,81.0,0
252960,2016,92.0,0
252960,2017,20.5,0
252960,2018,51.5,0
252960,2019,66.5,0
252960,2020,106.0,0
252960,2021,23.5,0
252960,2022,57.0,0
253020,1953,80.0,0
253020,1954,96.2,0
253020,1955,83.0,0
253020,1956,125.0,0
253020,1957,138.0,0
253020,1958,52.0,0
253020,1959,102.0,0
253020,1960,73.0,0
253020,1961,80.0,0
253020,1962,84.0,0
253020,1963,38.0,0
253020,1964,151.0,0
253020,1965,148.0,0
253020,1966,70.0,0
253020,1969,61.0,0
253020,1970,101.0,0
253020,1971,89.0,0
253020,1972,55.0,0
253020,1973,55.0,0
253020,1976,78.0,0
253020,1977,69.0,0
253020,1978,46.0,0
253020,1979,83.0,0
253020,1980,187.0,0
253020,1981,133.0,0
253020,1982,85.0,0
253020,1983,143.0,0
253020,1984,65.0,0
253020,1985,69.0,0
253020,1986,159.0,0
253020,1987,66.5,0
253020,1988,101.0,0
253020,1989,98.0,0
253020,1990,81.0,0
253020,1992,153.0,0
253020,1993,55.0,0
253020,1994,72.0,0
253020,1995,137.0,0
253020,1996,38.0,0
253020,1997,103.0,0
253020,1998,80.0,0
253020,1999,34.0,0
253020,2000,33.0,0
253020,2001,107.0,0
253020,2002,94.0,0
253020,2003,76.0,0
253020,2004,58.0,0
253020,2005,83.0,0
253020,2006,63.0,0
253020,2007,135.0,0
253020,2008,82.0,0
253020,2009,48.0,0
253020,2010,149.0,0
253020,2011,44.0,0
253020,2012,133.0,0
253020,2013,89.0,0
253020,2014,78.0,0
253020,2015,114.0,0
253020,2016,74.0,0
253020,2017,142.5,0
253020,2018,67.5,0
253020,2019,75.5,0
253020,2020,136.5,0
253020,2021,16.5,0
253040,1960,58.0,0
253040,1961,55.0,0
253040,1962,54.2,0
253500,1960,27.0,0
253500,1961,51.0,0
253500,1962,29.5,0
253700,1955,118.0,0
253700,1956,88.0,0
253700,1957,135.0,0
253700,1958,40.0,0
253700,1959,109.0,0
253700,1961,91.0,0
253700,1963,33.0,0
253700,1964,196.0,0
253700,1965,162.0,0
253700,1966,61.0,0
253700,1967,85.0,0
253700,1968,93.0,0
253700,1969,78.0,0
253700,1970,64.0,0
253700,1971,101.0,0
253700,1972,175.0,0
253700,1973,147.0,0
253700,1974,147.0,0
253700,1975,116.0,0
253700,1976,81.0,0
253700,1977,66.0,0
253700,1978,60.0,0
253700,1979,70.0,0
253700,1980,145.0,0
253700,1981,132.0,0
253700,1982,82.0,0
253700,1983,155.0,0
253700,1984,41.0,0
253700,1985,73.0,0
253700,1987,70.0,0
253700,1988,105.0,0
253700,1989,99.0,0
253700,1990,100.0,0
253700,1991,140.0,0
253700,1992,153.0,0
253700,1993,47.0,0
253700,1994,50.0,0
253700,1995,185.0,0
253700,1996,25.0,0
253700,1997,92.0,0
253700,1998,160.0,0
253700,1999,33.0,0
253700,2000,38.0,0
253700,2001,65.0,0
253700,2002,68.0,0
253700,2003,72.0,0
253700,2004,59.0,0
253700,2005,77.0,0
253700,2006,50.0,0
253700,2008,79.0,0
253700,2009,58.0,0
253900,1964,188.5,0
253900,1965,121.6,0
253990,1990,93.0,0
253990,1991,93.0,0
253990,1992,105.0,0
253990,1993,60.0,0
253990,1994,49.0,0
253990,1995,144.0,0
253990,1996,28.0,0
253990,1997,54.0,0
253990,1998,54.0,0
253990,1999,24.0,0
253990,2000,31.0,0
253990,2001,78.0,0
253990,2002,63.0,0
253990,2003,92.0,0
253990,2004,72.0,0
253990,2005,48.0,0
253990,2006,40.0,0
253990,2007,97.0,0
253990,2008,48.0,0
253990,2009,39.0,0
253990,2010,118.0,0
253990,2011,39.0,0
253990,2012,26.0,0
253990,2013,55.0,0
253990,2014,71.0,0
253990,2015,87.0,0
253990,2016,99.0,0
253990,2017,17.5,0
253990,2018,64.0,0
253990,2019,52.0,0
253990,2020,162.0,0
253990,2021,14.5,0
253990,2022,47.0,0
254250,1977,26.0,0
254250,1978,37.0,0
254250,1979,49.5,0
254250,1980,115.5,0
254300,1961,110.0,0
254300,1962,68.5,0
254500,1961,93.0,0
254500,1962,75.0,0
254500,1963,37.0,0
254500,1964,172.0,0
254500,1965,179.0,0
254500,1966,72.5,0
254500,1967,85.0,0
254500,1968,82.0,0
254500,1969,75.0,0
254500,1974,113.0,0
254500,1975,113.0,0
254500,1977,69.0,0
254500,1978,57.5,0
254500,1979,69.0,0
254500,1980,154.0,0
254500,1983,145.0,0
254500,1984,37.0,0
254500,1985,60.0,0
254500,1986,73.0,0
254500,1988,129.0,0
254500,1989,106.0,0
254500,1990,92.0,0
254500,1991,107.0,0
254500,1992,178.0,0
254500,1993,60.0,0
254500,1994,77.0,0
254500,1995,177.0,0
254500,1996,32.0,0
254500,1997,95.0,0
254500,1998,83.0,0
254500,1999,21.0,0
254500,2000,39.0,0
254500,2001,66.0,0
254500,2002,48.0,0
254500,2003,66.0,0
254500,2004,78.0,0
254500,2005,52.0,0
254500,2006,60.0,0
254500,2007,122.0,0
254500,2009,39.0,0
254500,2012,41.0,0
254500,2013,78.0,0
254500,2014,83.0,0
254500,2015,109.0,0
254500,2016,139.0,0
254500,2017,52.0,0
254500,2018,59.5,0
254500,2019,81.5,0
254500,2020,165.5,0
254500,2021,21.5,0
254500,2022,60.0,0
254900,1986,77.0,0
254900,1987,90.0,0
254900,1988,116.0,0
254900,1989,105.0,0
254900,1990,96.0,0
254900,1991,129.0,0
254900,1992,102.0,0
254900,1993,67.0,0
254900,1994,38.0,0
254900,1995,187.0,0
254900,1996,17.0,0
254900,1997,70.0,0
254900,1998,72.0,0
254900,1999,30.0,0
254900,2000,32.0,0
254900,2001,89.0,0
254900,2002,76.0,0
254900,2003,43.0,0
254900,2004,70.0,0
254900,2005,60.0,0
254900,2006,69.0,0
254900,2007,96.0,0
254900,2008,59.0,0
254900,2009,49.0,0
254900,2010,155.0,0
254900,2011,40.0,0
254900,2012,26.0,0
255500,1964,163.5,0
255500,1965,232.3,0
255500,1966,116.0,0
256200,1957,77.0,0
256200,1959,82.0,0
256200,1960,27.0,0
256200,1961,58.0,0
256200,1962,61.0,0
256200,1963,28.0,0
256200,1964,110.0,0
256200,1965,101.0,0
256200,1966,51.0,0
256200,1967,91.0,0
256200,1968,77.0,0
256200,1969,86.0,0
256200,1970,50.0,0
256200,1971,76.0,0
256200,1972,107.0,0
256200,1973,39.0,0
256200,1974,99.0,0
256200,1975,68.0,0
256200,1976,69.0,0
256200,1977,53.0,0
256200,1978,47.5,0
256200,1979,47.0,0
256200,1980,138.0,0
256200,1981,78.0,0
256200,1982,79.0,0
256200,1983,105.0,0
256200,1984,21.0,0
256200,1985,63.0,0
256200,1986,46.0,0
256200,1987,38.0,0
256200,1988,92.0,0
256200,1989,79.0,0
256200,1990,67.0,0
256200,1991,91.0,0
256200,1992,206.0,0
256200,1993,29.0,0
256200,1994,62.0,0
256200,1995,117.0,0
256200,1996,35.0,0
256200,1997,59.0,0
256200,1998,95.0,0
256200,1999,15.0,0
256200,2000,20.0,0
256200,2001,42.0,0
256200,2002,24.0,0
256200,2003,39.0,0
256200,2004,47.0,0
256200,2005,42.0,0
256200,2006,36.0,0
256200,2007,73.0,0
256200,2008,44.0,0
256201,2013,40.0,0
256201,2014,35.0,0
256201,2015,97.0,0
256201,2016,76.0,0
256201,2017,30.5,0
256201,2018,63.0,0
256201,2019,59.5,0
256201,2020,121.5,0
256201,2021,10.5,0
256201,2022,36.0,0
256250,1986,72.0,0
256250,1987,63.0,0
256250,1988,116.0,0
256250,1989,101.0,0
256250,1990,78.0,0
256250,1991,88.0,0
256250,1992,110.0,0
256250,1993,38.0,0
256250,1994,75.0,0
256250,1995,138.0,0
256250,1996,37.0,0
256250,1997,84.0,0
256250,1998,81.0,0
256250,1999,24.0,0
256250,2000,27.0,0
256250,2001,71.0,0
256250,2002,39.0,0
256250,2003,53.0,0
256250,2004,62.0,0
256250,2005,54.0,0
256250,2006,50.0,0
256250,2007,97.0,0
256250,2008,26.0,0
256250,2009,1.5,0
256250,2010,154.0,0
256250,2011,52.0,0
256250,2014,62.0,0
256250,2015,95.0,0
256250,2016,82.0,0
256250,2017,38.5,0
256250,2018,41.0,0
256250,2019,54.0,0
256250,2020,174.5,0
256250,2021,29.0,0
256300,1986,76.0,0
256300,1987,83.0,0
256300,1988,137.0,0
256300,1989,107.0,0
256300,1990,107.0,0
256300,1991,130.0,0
256300,1992,101.0,0
256300,1993,36.0,0
256300,1994,83.0,0
256300,1995,180.0,0
256300,1996,35.0,0
256300,1997,125.0,0
256300,1998,91.0,0
256300,1999,31.0,0
256300,2000,27.0,0
256300,2001,75.0,0
256300,2002,66.0,0
256300,2003,62.0,0
256300,2004,93.0,0
256300,2005,58.0,0
256300,2006,119.0,0
256300,2007,93.0,0
256300,2008,51.0,0
256300,2009,34.0,0
256300,2010,225.0,0
256300,2011,65.0,0
256450,1989,39.0,0
256450,1990,36.0,0
256450,1991,95.0,0
256450,1992,71.0,0
256450,1993,23.0,0
256450,1994,39.0,0
256450,1995,68.0,0
256450,1996,7.0,0
256450,1997,14.0,0
256450,1998,40.0,0
256450,1999,15.0,0
256450,2000,2.0,0
256450,2001,42.0,0
256450,2002,15.0,0
256450,2003,31.0,0
256450,2004,19.0,0
256450,2005,25.0,0
256450,2006,22.0,0
256450,2007,23.0,0
256450,2008,25.0,0
256450,2009,1.3,0
256450,2010,94.0,0
256450,2011,19.0,0
256500,1977,55.5,0
256500,1978,40.0,0
256500,1979,61.5,0
256500,1980,200.0,0
256581,2016,87.0,0
257050,1977,24.0,0
257050,1978,14.3,0
257050,1979,25.0,0
257050,1980,69.0,0
257200,1957,74.0,0
257200,1959,20.0,0
257200,1960,30.0,0
257200,1961,39.0,0
257200,1962,47.0,0
257200,1963,27.0,0
257200,1964,25.0,0
257200,1965,38.0,0
257200,1966,20.0,0
257200,1967,36.0,0
257200,1968,55.0,0
257200,1969,61.0,0
257200,1970,17.0,0
257200,1971,60.0,0
257200,1972,45.0,0
257200,1973,25.0,0
257200,1974,38.0,0
257200,1975,84.0,0
257200,1976,37.0,0
257200,1977,20.0,0
257200,1978,28.5,0
257200,1979,17.0,0
257200,1980,34.0,0
257200,1981,64.0,0
257200,1982,22.0,0
257200,1983,45.0,0
257200,1984,37.0,0
257200,1985,17.0,0
257200,1986,42.0,0
257200,1987,25.0,0
257200,1988,83.0,0
257200,1989,41.0,0
257200,1990,31.0,0
257200,1991,45.0,0
257200,1992,40.0,0
257200,1993,11.0,0
257200,1994,48.0,0
257200,1995,66.0,0
257200,1996,16.0,0
257200,1997,24.0,0
257200,1998,29.0,0
257200,1999,20.0,0
257200,2000,2.0,0
257200,2001,27.0,0
257200,2002,10.0,0
257200,2003,21.0,0
257200,2004,27.0,0
257200,2005,37.0,0
257200,2006,13.0,0
257200,2007,15.0,0
257200,2008,30.0,0
257200,2009,7.0,0
257200,2013,22.0,0
257200,2014,43.0,0
257200,2015,38.0,0
257200,2016,44.0,0
257200,2017,22.0,0
257200,2018,54.0,0
257200,2019,79.0,0
257200,2020,102.5,0
257200,2021,11.5,0
257200,2022,33.0,0
257330,1986,72.0,0
257330,1987,48.5,0
257330,1988,120.0,0
257330,1989,73.0,0
257330,1990,73.0,0
257330,1991,104.0,0
257330,1992,121.0,0
257330,1993,50.0,0
257330,1994,82.0,0
257330,1995,152.0,0
257330,1996,21.0,0
257330,1997,47.0,0
257330,1998,81.0,0
257330,1999,42.0,0
257330,2000,17.0,0
257330,2001,28.0,0
257330,2002,56.0,0
257330,2003,51.0,0
257330,2004,81.0,0
257330,2005,49.0,0
257330,2006,45.0,0
257330,2007,63.0,0
257330,2008,42.0,0
257330,2009,27.0,0
257330,2010,136.0,0
257330,2011,45.0,0
257330,2012,46.0,0
257400,1964,81.0,0
257400,1965,142.5,0
257400,1966,60.5,0
257401,1977,32.0,0
257401,1978,28.5,0
257401,1979,98.0,0
257401,1980,94.0,0
257450,1987,34.0,0
257450,1988,85.0,0
257450,1989,51.0,0
257450,1990,48.0,0
257450,1991,75.0,0
257450,1992,93.0,0
257450,1993,25.0,0
257450,1994,81.0,0
257450,1995,107.0,0
257450,1996,23.0,0
257450,1997,24.0,0
257450,1998,47.0,0
257450,1999,33.0,0
257450,2000,5.0,0
257450,2001,75.0,0
257450,2002,39.0,0
257450,2003,33.0,0
257450,2004,42.0,0
257450,2005,33.0,0
257450,2006,26.0,0
257450,2007,41.0,0
257450,2008,32.0,0
257450,2009,15.0,0
257450,2010,125.0,0
257450,2011,20.0,0
257600,1959,22.0,0
257600,1960,13.0,0
257600,1961,20.0,0
257600,1962,56.0,0
257600,1963,22.0,0
257600,1964,29.0,0
257600,1965,33.0,0
257600,1966,20.0,0
257600,1967,15.0,0
257600,1968,25.0,0
257600,1969,43.0,0
257600,1970,8.0,0
257600,1972,34.0,0
257600,1973,17.0,0
257600,1974,55.0,0
257600,1975,78.0,0
257600,1976,40.0,0
257600,1977,4.0,0
257800,1960,14.0,0
257800,1961,32.0,0
258100,1964,43.0,0
258100,1965,73.4,0
258100,1966,29.5,0
258200,1960,6.0,0
258200,1961,19.0,0
258200,1962,40.3,0
258300,1960,9.0,0
258300,1961,20.0,0
258300,1962,33.5,0
258400,1960,4.0,0
258400,1961,28.0,0
258400,1962,22.5,0
258550,1959,16.0,0
258550,1960,3.5,0
258550,1961,18.0,0
258550,1962,33.0,0
258550,1963,25.0,0
258550,1964,18.0,0
258550,1965,66.0,0
258550,1966,22.0,0
258550,1967,43.0,0
258550,1968,17.0,0
258550,1969,44.0,0
258550,1970,9.0,0
258550,1971,36.0,0
258550,1972,57.0,0
258550,1973,19.0,0
258550,1974,39.0,0
258550,1975,80.0,0
258550,1976,35.0,0
258550,1977,7.0,0
258550,1978,5.0,0
258550,1979,22.0,0
258550,1980,23.0,0
258550,1981,54.0,0
258550,1982,5.0,0
258550,1983,45.0,0
258550,1984,2.0,0
258550,1985,18.0,0
258550,1986,45.0,0
258550,1987,19.5,0
258550,1988,43.0,0
258550,1989,34.0,0
258550,1990,15.0,0
258550,1991,28.0,0
258550,1992,31.0,0
258550,1993,12.0,0
258550,1994,57.0,0
258550,1995,72.0,0
258550,1996,20.0,0
258550,1997,19.0,0
258550,1998,18.0,0
258550,1999,20.0,0
258550,2000,2.0,0
258550,2001,21.0,0
258550,2002,6.0,0
258550,2003,9.0,0
258550,2004,12.0,0
258550,2005,25.0,0
258550,2006,25.0,0
258550,2007,8.0,0
258550,2008,13.0,0
258550,2009,5.0,0
258550,2010,51.0,0
258550,2011,12.0,0
258550,2012,9.0,0
258550,2013,29.0,0
258550,2014,40.0,0
258550,2015,14.0,0
258550,2016,39.0,0
258550,2017,32.5,0
258550,2018,51.0,0
258550,2019,30.0,0
258550,2020,89.5,0
258550,2021,10.0,0
258550,2022,24.0,0
258700,1961,23.0,0
258700,1962,32.5,0
258820,1990,17.0,0
258820,1991,32.0,0
258820,1992,28.0,0
258820,1993,9.0,0
258820,1994,67.0,0
258820,1995,96.0,0
258820,1996,8.0,0
258820,1997,11.0,0
258820,1998,34.0,0
258820,1999,17.0,0
258820,2000,2.0,0
258820,2001,34.0,0
258820,2002,14.0,0
258820,2003,21.0,0
258820,2004,16.0,0
258820,2005,22.0,0
258820,2006,14.0,0
258820,2007,32.0,0
258820,2008,9.0,0
258820,2009,5.0,0
258820,2010,52.0,0
258820,2011,24.0,0
258850,1964,32.0,0
258850,1965,45.0,0
258850,1966,20.5,0
258850,1971,47.0,0
258850,1978,23.0,0
258850,1979,15.0,0
258850,1980,25.0,0
258850,1981,87.0,0
258850,1982,20.0,0
258850,1983,34.0,0
258850,1984,4.0,0
258850,1985,15.0,0
258850,1986,38.0,0
258850,1987,24.0,0
258850,1988,51.0,0
258850,1989,34.0,0
258850,1990,64.0,0
258850,1991,30.0,0
258850,1992,29.0,0
258850,1993,10.0,0
258850,1994,75.0,0
258850,1995,41.0,0
258850,1996,23.0,0
258850,1997,16.0,0
258850,1998,53.0,0
258850,1999,15.0,0
258850,2000,1.0,0
258850,2001,38.0,0
258850,2002,6.0,0
258850,2003,16.0,0
258850,2004,23.0,0
258850,2005,29.0,0
258850,2006,16.0,0
258850,2007,10.0,0
258850,2008,28.0,0
258850,2009,5.0,0
258850,2010,72.0,0
258850,2011,15.0,0
258850,2012,10.0,0
258850,2013,20.0,0
258850,2014,30.0,0
258850,2015,25.0,0
258850,2016,43.0,0
258850,2017,5.0,0
258850,2018,74.5,0
258850,2019,35.0,0
258850,2020,70.0,0
258850,2021,21.5,0
258850,2022,30.0,0
259000,1960,4.0,0
259000,1962,35.0,0
259150,1959,20.0,0
259150,1960,7.5,0
259150,1961,13.0,0
259150,1962,45.0,0
259150,1963,19.0,0
259150,1964,30.0,0
259150,1965,61.0,0
259150,1966,35.0,0
259150,1967,30.0,0
259150,1968,25.0,0
259150,1969,40.0,0
259150,1970,8.0,0
259150,1971,25.0,0
259150,1972,46.0,0
259150,1973,15.0,0
259150,1974,44.0,0
259150,1975,91.0,0
259150,1976,35.0,0
259150,1977,6.0,0
259150,1978,9.0,0
259150,1979,31.0,0
259150,1980,14.0,0
259150,1981,57.0,0
259150,1982,20.0,0
259150,1983,38.0,0
259150,1984,17.0,0
259150,1985,20.0,0
259150,1986,47.0,0
259150,1987,21.5,0
259150,1988,44.0,0
259150,1989,55.0,0
259150,1991,26.0,0
259150,1992,27.0,0
259150,1993,18.0,0
259150,1994,53.0,0
259150,1995,66.0,0
259150,1996,4.0,0
259150,1997,8.0,0
259150,1998,18.0,0
259150,1999,27.0,0
259150,2000,1.0,0
259150,2001,20.0,0
259150,2002,13.0,0
259150,2003,9.0,0
259150,2004,24.0,0
259150,2005,17.0,0
259150,2006,17.0,0
259150,2007,8.0,0
259150,2008,13.0,0
259150,2009,4.0,0
259150,2010,,0
259300,1961,10.0,0
259300,1962,25.2,0
259450,1964,28.0,0
259450,1965,57.0,0
259450,1966,24.5,0
259480,1987,28.0,0
259480,1988,41.0,0
259480,1989,30.0,0
259480,1990,19.0,0
259480,1991,43.0,0
259480,1992,28.0,0
259480,1993,7.0,0
259480,1994,45.0,0
259480,1995,49.0,0
259480,1996,6.0,0
259480,1997,11.0,0
259480,1998,25.0,0
259480,1999,22.0,0
259480,2000,2.0,0
259480,2001,32.0,0
259480,2002,16.0,0
259480,2003,12.0,0
259480,2004,19.0,0
259480,2005,11.0,0
259480,2006,14.0,0
259480,2007,18.0,0
259480,2008,14.0,0
259480,2009,21.0,0
259480,2010,25.0,0
259480,2011,19.0,0
259500,1986,19.5,0
259500,1988,38.0,0
259500,1989,37.0,0
259500,1990,18.0,0
259500,1991,26.0,0
259500,1992,26.0,0
259500,1993,7.0,0
259500,1994,53.0,0
259500,1995,44.0,0
259500,1996,4.0,0
259500,1997,7.0,0
259500,1998,18.0,0
259500,1999,18.0,0
259500,2000,2.0,0
259500,2001,19.0,0
259500,2002,16.0,0
259500,2003,14.0,0
259500,2004,18.0,0
259500,2005,14.0,0
259500,2006,5.0,0
259500,2007,12.0,0
259500,2008,9.0,0
259500,2009,3.0,0
259500,2010,46.0,0
259500,2011,5.0,0
259500,2012,7.0,0
259500,2013,32.0,0
259500,2014,45.0,0
259500,2015,22.0,0
259500,2016,42.0,0
259500,2017,20.5,0
259500,2018,23.5,0
259500,2019,25.5,0
259500,2020,91.5,0
259500,2021,15.5,0
259590,1990,23.0,0
259590,1991,54.0,0
259590,1992,28.0,0
259590,1993,35.0,0
259590,1994,36.0,0
259590,1995,76.0,0
259590,1996,3.0,0
259590,1997,17.0,0
259590,1998,48.0,0
259590,1999,20.0,0
259590,2000,1.0,0
259590,2001,35.0,0
259590,2002,21.0,0
259590,2003,5.0,0
259590,2004,30.0,0
259590,2005,18.0,0
259590,2006,7.0,0
259590,2007,18.0,0
259590,2008,9.0,0
259590,2009,5.0,0
259590,2010,48.0,0
259590,2011,14.0,0
259590,2012,10.0,0
259590,2013,30.0,0
259590,2014,80.0,0
259590,2015,24.0,0
259590,2016,52.0,0
259590,2017,23.0,0
259590,2018,33.0,0
259590,2019,25.0,0
259590,2020,70.5,0
259590,2021,16.0,0
259590,2022,27.0,0
259600,1964,22.0,0
259600,1965,46.0,0
259600,1966,35.0,0
259700,1986,32.0,0
259700,1987,18.5,0
259700,1988,21.0,0
259700,1989,25.0,0
259700,1990,20.0,0
259700,1991,39.0,0
259700,1992,19.0,0
259700,1993,12.0,0
259700,1994,45.0,0
259700,1995,31.0,0
259700,1996,6.0,0
259700,1997,15.0,0
259700,1998,34.0,0
259700,1999,19.0,0
259700,2000,1.0,0
259700,2001,32.0,0
259700,2002,12.0,0
259700,2003,10.0,0
259700,2004,29.0,0
259700,2005,13.0,0
259700,2006,50.0,0
259700,2007,20.0,0
259700,2008,5.0,0
259700,2009,0.2,0
259700,2010,32.0,0
259700,2016,29.5,0
259700,2017,47.5,0
259700,2018,16.5,0
259700,2019,26.5,0
259700,2020,39.5,0
259700,2021,32.5,0
259700,2022,40.0,0
259750,1965,38.0,0
259750,1966,64.0,0
286100,1987,18.5,0
286100,1988,58.0,0
286100,1989,26.0,0
286100,1990,18.0,0
286100,1991,60.0,0
286100,1993,5.0,0
286100,1994,39.0,0
286100,1995,43.0,0
286100,1996,1.5,0
286100,1997,16.0,0
286100,1998,46.0,0
286100,1999,24.0,0
286100,2000,1.0,0
286100,2001,22.0,0
286100,2002,10.0,0
286100,2003,5.0,0
286100,2004,25.0,0
286100,2005,5.0,0
286100,2006,2.0,0
286100,2007,12.0,0
286100,2008,5.0,0
286100,2009,2.0,0
286100,2010,30.0,0
286100,2011,5.0,0
286100,2012,1.0,0
286100,2013,25.0,0
286100,2014,83.0,0
286100,2015,17.0,0
286100,2016,13.0,0
286100,2017,20.5,0
286100,2018,29.0,0
286100,2019,11.0,0
286100,2020,24.5,0
286100,2021,15.5,0
286100,2022,28.0,0
330600,1972,141.0,0
330600,1973,54.0,0
330600,1974,142.0,0
330600,1975,94.0,0
330600,1976,79.0,0
330600,1977,61.0,0
330600,1978,68.0,0
330600,1979,61.0,0
330600,1980,141.0,0
330600,1981,137.0,0
330600,1982,43.0,0
330600,1983,110.0,0
330600,1984,33.0,0
330600,1985,107.0,0
330600,1986,58.0,0
330600,1987,61.0,0
330600,1988,110.0,0
330600,1989,90.0,0
330600,1990,97.0,0
330600,1991,45.0,0
330600,1992,189.0,0
330600,1993,52.0,0
330600,1994,62.0,0
330600,1995,69.0,0
330600,1996,49.0,0
330600,1997,84.0,0
330600,1998,73.0,0
330600,1999,28.0,0
330600,2000,31.0,0
330600,2001,76.0,0
330600,2002,61.0,0
330600,2003,80.0,0
330600,2004,53.0,0
330600,2005,67.0,0
330600,2006,131.0,0
330600,2007,72.0,0
330600,2008,46.0,0
330600,2009,37.0,0
330600,2010,83.0,0
330600,2011,45.0,0
330600,2012,49.0,0
330600,2013,43.0,0
330600,2014,93.0,0
330600,2016,67.0,0
330600,2017,30.0,0
330600,2018,72.5,0
330600,2019,73.5,0
330600,2020,111.5,0
330600,2021,50.5,0
330900,1972,153.0,0
330900,1973,47.0,0
330900,1974,144.0,0
330900,1975,85.0,0
330900,1976,69.0,0
330900,1977,43.0,0
330900,1978,48.0,0
330900,1979,43.0,0
330900,1980,132.0,0
330900,1981,121.0,0
330900,1982,60.0,0
330900,1983,89.0,0
330900,1984,33.0,0
330900,1985,94.0,0
330900,1986,44.0,0
330900,1987,42.5,0
330900,1988,90.0,0
330900,1989,85.0,0
330900,1990,85.0,0
330900,1991,54.0,0
330900,1992,120.0,0
330900,1993,27.0,0
330900,1994,46.0,0
330900,1995,72.0,0
330900,1996,82.0,0
330900,1997,78.0,0
330900,1998,54.0,0
330900,1999,9.0,0
330900,2000,24.0,0
330900,2001,71.0,0
330900,2002,68.0,0
330900,2003,29.0,0
330900,2004,60.0,0
330900,2005,75.0,0
330900,2006,57.0,0
330900,2007,76.0,0
330900,2008,40.0,0
330900,2009,50.0,0
330900,2010,68.0,0
330900,2011,49.0,0
330900,2012,44.0,0
330900,2013,42.0,0
330900,2014,85.0,0
330900,2016,58.0,0
330900,2017,20.0,0
330900,2018,57.5,0
330900,2019,69.5,0
330900,2020,80.5,0
330900,2021,37.5,0
331500,1956,84.0,0
331500,1957,156.0,0
331500,1959,18.0,0
331500,1960,39.0,0
331500,1961,74.0,0
331500,1962,48.0,0
331500,1963,30.0,0
331500,1964,71.0,0
331500,1965,77.0,0
331500,1966,30.5,0
331500,1967,32.6,0
331500,1968,37.6,0
331500,1969,39.0,0
331500,1971,54.5,0
331500,1972,68.0,0
331500,1973,87.0,0
331500,1974,87.0,0
331500,1975,54.0,0
331500,1976,44.0,0
331500,1977,16.0,0
331500,1978,22.0,0
331500,1979,5.0,0
331500,1980,75.0,0
331500,1981,86.0,0
331500,1982,41.0,0
331500,1983,31.0,0
331500,1984,9.0,0
331500,1985,50.0,0
331500,1986,39.0,0
331500,1987,35.0,0
331500,1988,46.0,0
331500,1989,46.0,0
331500,1990,80.0,0
331500,1991,44.0,0
331500,1992,40.0,0
331500,1993,16.0,0
331500,1994,57.0,0
331500,1995,31.0,0
331500,1996,50.0,0
331500,1997,47.0,0
331500,1998,58.0,0
331500,1999,15.0,0
331500,2000,6.0,0
331500,2001,25.0,0
331500,2002,27.0,0
331500,2003,29.0,0
331500,2004,87.0,0
331500,2005,80.0,0
331500,2006,23.0,0
331500,2007,31.0,0
331500,2008,27.0,0
331500,2009,25.0,0
331500,2012,19.0,0
331500,2013,29.0,0
331500,2014,58.0,0
331500,2016,54.0,0
331500,2017,13.5,0
331500,2018,52.0,0
331500,2019,43.5,0
331500,2020,54.5,0
331500,2021,34.0,0
331500,2022,17.0,0
332000,1955,61.0,0
332000,1956,56.0,0
332000,1957,107.0,0
332000,1959,27.0,0
332000,1960,17.0,0
332000,1961,68.0,0
332000,1962,42.0,0
332000,1963,18.0,0
332000,1964,77.0,0
332000,1965,106.0,0
332000,1966,42.1,0
332000,1967,32.2,0
332000,1968,59.4,0
332000,1969,60.5,0
332000,1970,32.0,0
332000,1971,78.0,0
332000,1972,67.0,0
332000,1973,87.0,0
332000,1974,87.0,0
332000,1975,64.0,0
332000,1977,20.0,0
332000,1978,22.0,0
332000,1979,22.0,0
332000,1980,99.0,0
332000,1981,109.0,0
332000,1982,25.0,0
332000,1983,39.0,0
332000,1984,7.0,0
332000,1985,52.0,0
332000,1986,51.0,0
332000,1987,40.5,0
332000,1988,24.0,0
332000,1989,49.0,0
332000,1990,98.0,0
332000,1991,52.0,0
332000,1993,18.0,0
332000,1994,78.0,0
332000,1995,38.0,0
332000,1996,37.0,0
332000,1998,62.0,0
332000,1999,17.0,0
332000,2000,8.0,0
332000,2001,54.0,0
332000,2002,18.0,0
332000,2003,23.0,0
332000,2004,71.0,0
332000,2005,61.0,0
332000,2006,14.0,0
332000,2007,44.0,0
332000,2008,18.0,0
332000,2009,25.0,0
332000,2010,54.0,0
332000,2011,25.0,0
332000,2012,24.0,0
332000,2013,35.0,0
332000,2014,59.0,0
332000,2016,36.0,0
332000,2017,14.0,0
337800,1962,45.0,0
337800,1963,41.0,0
337800,1964,64.0,0
337800,1965,82.0,0
337800,1966,27.1,0
337800,1967,29.0,0
337800,1968,65.0,0
337800,1969,57.0,0
337800,1971,114.2,0
337800,1973,99.0,0
337800,1974,99.0,0
337800,1975,61.0,0
337800,1976,61.0,0
337800,1977,36.0,0
337800,1978,12.5,0
337800,1979,48.0,0
337800,1980,57.0,0
337800,1981,98.0,0
337800,1982,33.0,0
337800,1983,40.0,0
337800,1984,5.0,0
337800,1985,59.0,0
337800,1986,101.0,0
337800,1987,31.5,0
337800,1988,60.0,0
337800,1989,30.0,0
337800,1990,53.0,0
337800,1991,41.0,0
337800,1992,32.0,0
337800,1993,14.0,0
337800,1994,55.0,0
337800,1995,60.0,0
337800,1996,23.0,0
337800,1997,44.0,0
337800,1998,40.0,0
337800,1999,21.0,0
337800,2000,5.0,0
337800,2001,37.0,0
337800,2002,13.0,0
337800,2003,45.0,0
337800,2004,52.0,0
337800,2005,75.0,0
337800,2006,21.0,0
337800,2007,33.0,0
337800,2008,27.0,0
337800,2009,7.0,0
337800,2010,45.0,0
337800,2012,18.0,0
337800,2013,27.0,0
337800,2014,93.0,0
337800,2015,58.0,0
337800,2016,87.0,0
337800,2017,31.0,0
337800,2018,33.0,0
337800,2019,49.0,0
337800,2020,47.0,0
337800,2021,18.0,0
337800,2022,32.0,0
340350,1962,39.0,0
340350,1963,25.0,0
340350,1964,88.0,0
340350,1965,77.0,0
340350,1966,31.2,0
340350,1967,27.0,0
340350,1968,53.2,0
340350,1969,76.5,0
340350,1970,16.0,0
340350,1971,116.5,0
340351,1972,39.0,0
340351,1973,5.0,0
340351,1974,73.0,0
340351,1975,93.0,0
340351,1976,53.0,0
340351,1977,24.0,0
340351,1978,16.0,0
340351,1979,56.0,0
340351,1980,58.0,0
340351,1981,101.0,0
340351,1982,59.0,0
340351,1983,43.0,0
340351,1984,7.0,0
340351,1985,30.0,0
340351,1986,100.0,0
340351,1987,34.5,0
340351,1988,72.0,0
340351,1989,65.0,0
340352,1991,46.0,0
340352,1992,28.0,0
340352,1993,14.0,0
340352,1994,45.0,0
340352,1995,75.0,0
340352,1996,29.0,0
340352,1997,40.0,0
340352,1998,40.0,0
340352,1999,18.0,0
340352,2000,2.0,0
340352,2001,25.0,0
340352,2002,21.0,0
340352,2003,36.0,0
340352,2004,51.0,0
340352,2005,47.0,0
340352,2006,39.0,0
340352,2007,33.0,0
340352,2008,32.0,0
340352,2009,13.0,0
340510,1956,37.0,0
340510,1959,30.0,0
340510,1960,45.0,0
340510,1961,48.0,0
340510,1962,31.0,0
340510,1963,23.0,0
340510,1964,60.0,0
340510,1965,72.0,0
340510,1966,28.6,0
340510,1967,18.5,0
340510,1968,31.0,0
340510,1969,86.5,0
340510,1970,32.0,0
340510,1971,105.5,0
340510,1973,59.0,0
340510,1974,59.0,0
340510,1975,77.0,0
340510,1976,52.0,0
340510,1977,17.0,0
340510,1978,11.5,0
340510,1979,58.0,0
340510,1980,62.0,0
340510,1981,109.0,0
340510,1982,24.0,0
340510,1983,53.0,0
340510,1984,5.0,0
340510,1985,22.0,0
340510,1986,88.0,0
340510,1987,32.5,0
340510,1988,,
340510,1989,62.0,0
340510,1990,59.0,0
340510,1991,54.0,0
340510,1992,24.0,0
340510,1993,12.0,0
340510,1994,49.0,0
340510,1995,64.0,0
340510,1996,17.0,0
340510,1997,44.0,0
340510,1998,50.0,0
340510,1999,13.0,0
340510,2000,3.0,0
340510,2001,24.0,0
340510,2002,10.0,0
340510,2003,22.0,0
340510,2004,36.0,0
340510,2005,41.0,0
340510,2006,42.0,0
340510,2007,31.0,0
340510,2008,41.0,0
340510,2009,9.0,0
341800,1974,79.0,0
341800,1975,79.0,0
341800,1976,31.0,0
341800,1977,13.0,0
341800,1978,19.5,0
341800,1979,22.0,0
341800,1980,26.0,0
341800,1981,85.0,0
341800,1982,35.0,0
341800,1983,47.0,0
341800,1984,1.0,0
341800,1985,41.0,0
341800,1986,65.0,0
341800,1987,50.0,0
341800,1988,56.0,0
341800,1989,44.0,0
341800,1990,48.0,0
341800,1991,47.0,0
341800,1992,26.0,0
341800,1993,9.0,0
341800,1994,53.0,0
341800,1995,39.0,0
341800,1996,24.0,0
341800,1997,29.0,0
341800,1998,38.0,0
341800,1999,16.0,0
341800,2000,7.0,0
341800,2001,22.0,0
341800,2002,6.0,0
341800,2003,19.0,0
341800,2004,35.0,0
341800,2005,32.0,0
341800,2006,16.0,0
341800,2007,19.0,0
341800,2008,26.0,0
341800,2009,17.0,0
341800,2010,66.0,0
341800,2011,42.0,0
341800,2012,16.0,0
341800,2013,29.0,0
341800,2014,69.0,0
341800,2015,41.0,0
341800,2016,56.0,0
341800,2017,23.0,0
341800,2018,79.5,0
341800,2019,61.0,0
341800,2020,85.5,0
341800,2021,12.5,0
341800,2022,22.0,0
342200,1950,63.0,0
342200,1951,27.1,0
342200,1952,44.5,0
342200,1953,40.5,0
342200,1955,43.0,0
342200,1956,55.0,0
342200,1957,61.0,0
342200,1958,27.0,0
342200,1959,10.0,0
342200,1960,4.0,0
342200,1961,38.0,0
342200,1962,29.0,0
342200,1966,45.0,0
342200,1967,27.0,0
342200,1968,43.0,0
342200,1969,73.0,0
342200,1970,9.0,0
342200,1971,51.0,0
342200,1972,55.0,0
342200,1973,13.0,0
342200,1974,39.0,0
342200,1975,78.0,0
342200,1976,31.0,0
342200,1977,27.5,0
342200,1978,10.5,0
342200,1979,28.0,0
342200,1980,20.0,0
342200,1981,57.0,0
342200,1982,25.0,0
342200,1983,37.0,0
342200,1984,0.0,0
342200,1985,38.0,0
342200,1986,59.0,0
342200,1987,45.0,0
342200,1988,49.0,0
342200,1989,57.0,0
342200,1990,44.0,0
342200,1991,42.0,0
342200,1992,30.0,0
342200,1993,10.0,0
342200,1994,52.0,0
342200,1995,84.0,0
342200,1996,19.0,0
342200,1997,28.0,0
342200,1998,44.0,0
342200,1999,27.0,0
342200,2000,3.0,0
342200,2001,40.0,0
342200,2002,7.0,0
342200,2003,13.0,0
342200,2004,24.0,0
342200,2005,24.0,0
342200,2006,11.0,0
342200,2007,21.0,0
342200,2008,24.0,0
342200,2009,10.0,0
343000,1959,17.0,0
343000,1960,9.0,0
343000,1961,27.0,0
343000,1962,48.0,0
343000,1963,27.0,0
343000,1964,37.0,0
343000,1965,75.0,0
343000,1966,34.0,0
343000,1967,26.0,0
343000,1968,40.0,0
343000,1969,65.0,0
343000,1970,0.0,0
343000,1971,45.0,0
343000,1972,57.0,0
343000,1973,14.0,0
343000,1974,33.0,0
343000,1975,87.0,0
343000,1976,46.0,0
343000,1977,14.0,0
343000,1978,20.5,0
343000,1979,28.0,0
343000,1980,23.0,0
343000,1981,51.0,0
343000,1982,18.0,0
343000,1983,47.0,0
343000,1984,3.0,0
343000,1985,18.0,0
343000,1986,59.0,0
343000,1987,26.0,0
343000,1988,21.0,0
343000,1989,36.0,0
343000,1990,37.0,0
343000,1991,43.0,0
343000,1992,30.0,0
343000,1993,18.0,0
343000,1994,62.0,0
343000,1995,70.0,0
343000,1996,21.0,0
343000,1997,34.0,0
343000,1998,47.0,0
343000,1999,19.0,0
343000,2000,2.0,0
343000,2001,24.0,0
343000,2002,6.0,0
343000,2003,6.0,0
343000,2004,26.0,0
343000,2005,22.0,0
343000,2006,12.0,0
343000,2007,25.0,0
343000,2008,22.0,0
343000,2009,25.0,0
343000,2010,50.0,0
343000,2011,22.0,0
343000,2012,8.0,0
343000,2013,22.0,0
343000,2014,77.0,0
343000,2015,27.0,0
343000,2016,44.0,0
343000,2017,36.5,0
343000,2018,23.5,0
343000,2019,29.5,0
343000,2020,116.5,0
343000,2021,5.5,0
343000,2022,16.0,0
344000,1950,72.0,0
344000,1951,30.5,0
344000,1952,38.5,0
344000,1953,44.5,0
344000,1954,48.0,0
344000,1955,23.0,0
344000,1956,40.0,0
344000,1957,68.0,0
344000,1958,25.0,0
344000,1959,15.0,0
344000,1960,9.0,0
344000,1961,37.0,0
344000,1962,31.0,0
344000,1963,10.0,0
344000,1964,30.0,0
344000,1965,87.0,0
344000,1966,51.0,0
344000,1967,15.0,0
344000,1968,13.0,0
344000,1969,42.0,0
344000,1970,8.0,0
344000,1971,33.0,0
344000,1972,57.0,0
344000,1973,13.0,0
344000,1974,34.0,0
344000,1975,82.0,0
344000,1976,39.0,0
344000,1977,23.0,0
344000,1978,8.0,0
344000,1979,29.0,0
344000,1980,22.0,0
344000,1981,47.0,0
344000,1982,25.0,0
344000,1983,47.0,0
344000,1984,13.0,0
344000,1985,26.0,0
344000,1986,30.0,0
344000,1987,27.0,0
344000,1988,74.0,0
344000,1989,58.0,0
344000,1990,20.0,0
344000,1991,25.0,0
344000,1992,28.0,0
344000,1993,29.0,0
344000,1994,50.0,0
344000,1995,44.0,0
344000,1996,9.0,0
344000,1997,19.0,0
344000,1998,38.0,0
344000,1999,28.0,0
344000,2000,1.0,0
344000,2001,29.0,0
344000,2002,7.0,0
344000,2003,13.0,0
344000,2004,21.0,0
344000,2005,15.0,0
344000,2006,15.0,0
344000,2007,16.0,0
344000,2008,19.0,0
344000,2009,8.0,0
344000,2010,,0
344000,2015,29.0,0
344000,2016,53.0,0
344000,2017,37.5,0
344000,2018,26.5,0
344000,2019,24.5,0
344000,2020,82.5,0
344000,2022,29.0,0
344500,1960,32.0,0
344500,1961,40.0,0
344500,1962,38.0,0
344500,1963,38.0,0
344500,1964,28.0,0
344500,1966,33.0,0
344500,1967,20.0,0
344500,1968,23.0,0
344500,1969,36.0,0
344500,1970,4.0,0
344500,1971,41.0,0
344500,1972,67.0,0
344500,1973,15.0,0
344500,1974,31.0,0
344500,1975,76.0,0
344500,1976,42.0,0
344500,1977,10.0,0
344500,1978,9.0,0
344500,1979,33.0,0
344500,1980,24.0,0
344500,1981,47.0,0
344500,1982,15.0,0
344500,1983,40.0,0
344500,1984,13.0,0
344500,1985,24.0,0
344500,1986,32.0,0
344500,1987,26.0,0
344500,1988,56.0,0
344500,1989,60.0,0
344500,1990,23.0,0
344500,1991,34.0,0
344500,1992,23.0,0
344500,1993,25.0,0
344500,1994,24.0,0
344500,1995,25.0,0
344500,1996,17.0,0
344500,1997,9.0,0
344500,1998,29.0,0
344500,1999,31.0,0
344500,2000,1.0,0
344500,2001,15.0,0
344500,2002,6.0,0
344500,2003,8.0,0
344500,2004,30.0,0
344500,2005,11.0,0
344500,2006,15.0,0
344500,2007,10.0,0
344500,2008,13.0,0
344500,2009,8.0,0
344500,2010,36.0,0
344500,2011,7.0,0
344500,2012,4.0,0
344500,2015,24.0,0
344500,2016,34.0,0
344500,2017,40.0,0
344500,2018,31.0,0
344500,2019,19.0,0
344500,2020,70.0,0
344500,2021,13.0,0
344500,2022,33.0,0
345800,1990,23.0,0
345800,1991,32.0,0
345800,1992,25.0,0
345800,1993,20.0,0
345800,1994,40.0,0
345800,1995,38.0,0
345800,1996,8.0,0
345800,1997,10.0,0
345800,1998,26.0,0
345800,1999,16.0,0
345800,2000,1.0,0
345800,2001,24.0,0
345800,2002,6.0,0
345800,2003,6.0,0
345800,2004,18.0,0
345800,2005,12.0,0
345800,2006,3.0,0
345800,2007,14.0,0
345800,2008,8.0,0
345800,2009,15.0,0
345800,2010,44.0,0
345800,2011,35.0,0
345800,2012,5.0,0
345800,2013,20.0,0
345800,2014,64.0,0
345800,2015,18.0,0
345800,2016,44.5,0
345800,2017,13.5,0
345800,2018,10.5,0
345800,2019,18.5,0
345800,2020,51.0,0
345800,2021,14.0,0
345800,2022,28.0,0
253400,1961,43.0,0
253400,1962,29.0,0
253400,1963,29.0,0
253400,1964,86.0,0
253400,1965,71.0,0
253400,1966,41.2,0
253400,1967,56.0,0
253400,1968,54.0,0
253400,1974,56.0,0
253400,1975,56.0,0
253400,1976,50.0,0
253400,1977,34.0,0
253400,1978,17.0,0
253400,1979,40.0,0
253400,1980,75.0,0
253400,1981,112.0,0
253400,1982,34.0,0
253400,1983,66.0,0
253400,1984,18.0,0
253400,1985,42.0,0
253400,1986,86.0,0
253400,1987,37.5,0
253400,1988,52.0,0
253400,1989,56.0,0
253400,1990,60.0,0
253400,1991,50.0,0
253400,1992,69.0,0
253400,1993,11.0,0
253400,1994,38.0,0
253400,1995,116.0,0
253400,1996,16.0,0
253400,1997,55.0,0
253400,1998,54.0,0
253400,2000,4.0,0
253400,2001,26.0,0
253400,2002,23.0,0
253400,2003,38.0,0
253400,2004,43.0,0
253400,2005,78.0,0
253400,2006,34.0,0
253400,2007,80.0,0
253400,2008,16.0,0
253400,2009,17.0,0
253400,2010,63.0,0
253400,2011,31.0,0
253400,2012,22.0,0
253400,2013,32.0,0
253400,2014,61.0,0
253400,2015,92.0,0
253400,2016,65.0,0
253400,2017,26.0,0
253400,2018,87.0,0
253400,2019,37.5,0
253400,2020,63.0,0
253400,2021,18.0,0
